,accuracy,mean_cohens_kappa,std_cohens_kappa,n
0,0.4003003003003003,-0.01022279355674982,0.0013024305732206518,3
1,0.4009009009009009,-0.008889161515980959,0.00017504720017313957,2
2,0.40150150150150155,-0.010123148560523987,0.0,1
3,0.4021021021021021,-0.012276704888790846,0.0025162030942738056,2
4,0.4027027027027027,-0.008011971833184361,0.00045251171104609966,2
5,0.40330330330330333,-0.008757245913147926,0.0015696233631057389,5
6,0.40390390390390396,-0.008796686306595802,0.0007977541536092758,2
7,0.40450450450450454,-0.00811583618633449,0.0027373807327864073,4
8,0.4051051051051051,-0.008118481375277042,0.001778179477168315,3
9,0.40570570570570574,-0.009683324489742517,0.002782092895358801,2
10,0.4063063063063063,,,0
11,0.4069069069069069,-0.007889554525415102,0.0011886390966572742,3
12,0.4075075075075075,-0.008438379503786564,7.341988384723663e-05,2
13,0.40810810810810816,-0.008852053713053466,0.0009577333288542423,5
14,0.40870870870870873,-0.007948348997160792,0.0020031689200550318,2
15,0.4093093093093093,-0.009964600205421448,0.0011276968221987451,3
16,0.40990990990990994,-0.009636972448788583,0.00181618566925605,4
17,0.4105105105105106,-0.008546856231987476,0.002081950195133686,2
18,0.4111111111111111,-0.011735483072698116,0.0,1
19,0.4117117117117117,-0.010058349929749966,0.0,1
20,0.41231231231231236,-0.007974232081323862,0.001466872924208386,3
21,0.41291291291291293,-0.00980690447613597,0.0016981014050543308,2
22,0.4135135135135135,-0.010595203377306461,0.0,1
23,0.41411411411411414,-0.005257150391116738,0.002793504623696208,2
24,0.41471471471471477,-0.00714794360101223,0.0014923693408565642,3
25,0.41531531531531535,-0.009344465751200914,0.0017485180409509862,5
26,0.4159159159159159,-0.008340686559677124,8.477270603179932e-05,2
27,0.41651651651651656,-0.006210161780472845,0.0015934976589569675,4
28,0.41711711711711713,-0.008221582820018133,0.0003733043422197736,3
29,0.4177177177177177,-0.007014610106125474,2.2701220586895943e-05,2
30,0.41831831831831834,-0.0071590870308379335,0.001666582391852987,3
31,0.41891891891891897,-0.004635634211202462,0.0012305922768214173,3
32,0.41951951951951955,-0.0062613149639219046,0.0009929990380272838,4
33,0.4201201201201201,-0.007100428454577923,7.296958938241005e-05,2
34,0.42072072072072075,-0.007435909705236554,0.0016910768565366688,4
35,0.42132132132132133,-0.006060050955663125,0.002341086243490171,3
36,0.4219219219219219,-0.008166590705513954,0.0019130082800984383,2
37,0.42252252252252254,-0.00796924449969083,0.002098728015737127,4
38,0.42312312312312317,-0.00874233280774206,0.0011775635763815002,4
39,0.42372372372372374,-0.0072942390106618404,0.00011303415521979332,2
40,0.4243243243243243,-0.00796931516379118,0.0,1
41,0.42492492492492495,-0.008345500798895955,0.0016131286974996328,2
42,0.4255255255255256,-0.004895900376141071,0.0,1
43,0.42612612612612616,-0.007364506833255291,0.0,1
44,0.42672672672672673,-0.00850840867497027,0.0006976563017815351,2
45,0.42732732732732737,-0.006903013912960887,0.0019056687597185373,2
46,0.42792792792792794,-0.007429543533362448,0.0011036762662398017,4
47,0.4285285285285285,-0.005874205147847533,0.001716224243864417,2
48,0.42912912912912915,-0.007050808363904555,0.0012931944285404996,3
49,0.4297297297297298,-0.0071442448534071445,0.0012716826366467688,3
50,0.43033033033033036,-0.005732678497831027,0.0006900938866076462,3
51,0.43093093093093093,-0.0075830671315391856,0.002840695539642431,3
52,0.43153153153153156,-0.005925250239670277,0.00010462058708071709,2
53,0.43213213213213214,-0.007899605669081211,0.0,1
54,0.4327327327327327,-0.0047729576472193,0.0005403391551226377,2
55,0.43333333333333335,-0.006634195917285979,0.0021807282566462514,4
56,0.433933933933934,-0.0066302684135735035,0.0,1
57,0.43453453453453456,-0.005525359068997204,0.0023334136931225657,2
58,0.43513513513513513,-0.008908788673579693,0.0,1
59,0.43573573573573576,0.0001858642790466547,0.0,1
60,0.4363363363363364,-0.0031295898370444775,0.0,1
61,0.43693693693693697,-0.005665406318647521,0.0012827780344533603,7
62,0.43753753753753755,-0.006232907219479482,0.00032590845051992716,3
63,0.4381381381381382,-0.0022726274910382926,0.003976385400164872,2
64,0.43873873873873875,,,0
65,0.43933933933933933,-0.006958793383091688,0.0009248531423509121,2
66,0.43993993993993996,-0.005040476738940924,0.0017329702014547037,4
67,0.4405405405405406,-0.004419886565301567,0.002891718817409128,2
68,0.44114114114114117,-0.005150455981492996,0.0006713396671544225,3
69,0.44174174174174174,-0.005714999279007316,0.001246314262971282,2
70,0.4423423423423424,-0.007064861711114645,0.0,1
71,0.44294294294294295,-0.004099102254258469,0.0014547546359994915,4
72,0.44354354354354353,-0.00641447096131742,0.0018999504391103983,2
73,0.44414414414414416,-0.00524565065279603,0.0,1
74,0.4447447447447448,-0.006185132854928573,0.0013677297939172326,3
75,0.44534534534534537,-0.0040222989628091455,0.0010615274077281356,2
76,0.44594594594594594,-0.004416667972691357,0.0008424314437434077,2
77,0.4465465465465466,-0.005345971789211035,0.0017484338022768497,2
78,0.4471471471471472,-0.005254529261340697,0.0005988408328921768,3
79,0.4477477477477478,-0.004242486786097288,0.0,1
80,0.44834834834834836,-0.00334265916608274,0.00042802544915751056,5
81,0.448948948948949,-0.0023723248159512877,0.001542061218060553,2
82,0.44954954954954957,-0.0037628214340656996,0.0,1
83,0.45015015015015014,-0.003891601227223873,0.0009825490415096283,2
84,0.4507507507507508,-0.004648640441397826,0.00033725445551425234,3
85,0.4513513513513514,-0.006178471026942134,0.0008445547427982092,2
86,0.451951951951952,,,0
87,0.45255255255255256,-0.002289125695824623,0.0,1
88,0.4531531531531532,-0.006415934301912785,0.00039680441841483116,2
89,0.45375375375375376,-0.007303822785615921,0.0,1
90,0.45435435435435434,,,0
91,0.45495495495495497,-0.004365359898656607,0.0,1
92,0.4555555555555556,-0.003966660005971789,0.0004889576230198145,2
93,0.4561561561561562,,,0
94,0.45675675675675675,-0.003030944149941206,0.00043575976416780464,3
95,0.4573573573573574,-0.00667903246358037,0.0,1
96,0.45795795795795796,-0.005410678684711456,0.0,1
97,0.4585585585585586,-0.0008891496108844876,0.0019053338328376412,2
98,0.45915915915915917,-0.0030035347832987704,0.0018633752641279274,3
99,0.4597597597597598,-0.0013883777234392862,0.0006740867521894067,3
100,0.4603603603603604,-0.002855019469279796,0.000959576282184571,2
101,0.46096096096096095,-0.007001208607107401,0.0,1
102,0.4615615615615616,-0.004786423873156309,6.572656872399115e-05,3
103,0.4621621621621622,-0.00722491554915905,0.0020527634769678116,2
104,0.4627627627627628,-0.002115617071467568,0.002081963668388198,2
105,0.46336336336336337,-0.0029638803098350763,0.000552742974832654,2
106,0.463963963963964,-0.0018597512098494917,0.0020796603930648416,2
107,0.4645645645645646,-0.0017557974206283689,0.0,1
108,0.46516516516516515,-0.006530093029141426,0.0,1
109,0.4657657657657658,-0.002494584769010544,0.00019382638856768608,2
110,0.4663663663663664,-0.0013119683135300875,0.0,1
111,0.466966966966967,-0.0029856518376618624,0.0,1
112,0.46756756756756757,,,0
113,0.4681681681681682,-0.004764658864587545,0.000343450083922319,3
114,0.4687687687687688,-0.0035945922136306763,0.0012177377939224243,2
115,0.4693693693693694,,,0
116,0.46996996996997,-0.0023662359453737736,0.0,1
117,0.4705705705705706,-0.003855678252875805,0.0,1
118,0.4711711711711712,-0.0011219871084904298,0.0016949587046248412,4
119,0.47177177177177176,-0.0009304613534671565,0.0011436280720785548,3
120,0.4723723723723724,-0.00017395710165146738,0.0006321527034742758,2
121,0.472972972972973,-0.0007799062004778534,0.0008906887087505311,2
122,0.4735735735735736,-0.002676491936047872,0.00356944668900496,3
123,0.4741741741741742,0.001609259401448071,0.0,1
124,0.4747747747747748,0.0027852593520947266,0.0027082697888545226,2
125,0.4753753753753754,0.0009893147507682443,0.0,1
126,0.47597597597597596,,,0
127,0.4765765765765766,0.0005152031662873924,0.0,1
128,0.4771771771771772,-0.0020195930264890194,0.0,1
129,0.4777777777777778,-0.0015739047667011619,0.0,1
130,0.4783783783783784,0.000761130650062114,0.0,1
131,0.478978978978979,-0.0011664634148473851,0.0013869921167497523,2
132,0.4795795795795796,-0.0011013348266715184,0.002160585579752655,4
133,0.4801801801801802,-0.0026170051423832774,0.00015834544319659472,2
134,0.4807807807807808,-0.00018439290579408407,0.002682473517845906,3
135,0.4813813813813814,-0.0005143832531757653,0.0,1
136,0.481981981981982,0.0017705719025495152,0.0009025788607562389,3
137,0.4825825825825826,-0.0020920684619341046,0.0011160407157149166,2
138,0.4831831831831832,,,0
139,0.48378378378378384,-0.0001667319975240389,0.002544535266710417,4
140,0.4843843843843844,-0.0017732784229641159,0.0038751963391818393,3
141,0.484984984984985,0.0008128568297252059,0.0,1
142,0.4855855855855856,0.0003173286750097759,0.00047945405094651505,2
143,0.4861861861861862,-0.0028425503987818956,0.0,1
144,0.4867867867867868,0.0008025567658478394,0.0024889841985157772,8
145,0.4873873873873874,,,0
146,0.48798798798798804,-0.001522434176877141,0.00020560489295633094,4
147,0.4885885885885886,-0.0009254908363800496,0.0018062859599012882,2
148,0.4891891891891892,-0.0004129302396904677,0.0,1
149,0.4897897897897898,0.0014298080932348967,0.0005904329009354115,2
150,0.4903903903903904,-0.0008381153165828437,0.00021039348212070763,2
151,0.490990990990991,-0.0021774047054350376,0.0,1
152,0.4915915915915916,-0.003684005292598158,0.0021888450137339532,2
153,0.49219219219219223,0.0007685558048251551,0.000927447977026169,4
154,0.4927927927927928,0.002697262718963126,0.003106854551490679,3
155,0.4933933933933934,0.002348919806536287,0.0022587502688733354,3
156,0.493993993993994,0.0016978220124396362,0.0013416495882665476,7
157,0.4945945945945946,0.0006276299245655537,0.0007426679755144549,3
158,0.4951951951951952,0.0023515389766544104,0.0,1
159,0.4957957957957958,-0.0008312440913869068,0.0009189459524350241,2
160,0.49639639639639643,,,0
161,0.496996996996997,0.00020637281704694033,0.0026125137745135084,4
162,0.4975975975975976,0.0006605805829167366,0.002025767688553275,3
163,0.4981981981981982,0.001789343026757706,0.0034377268230445625,4
164,0.49879879879879885,-0.00037867322680540383,0.0,1
165,0.4993993993993994,0.0036441103438846767,0.0024985208292491734,2
166,0.5,0.003806593711487949,0.0017363892404111303,5
167,0.5006006006006006,0.0008768595871515572,0.00021046731853857636,2
168,0.5012012012012013,-0.0022223060950636864,0.0,1
169,0.5018018018018018,0.0027438864344730973,0.0005197218852117658,2
170,0.5024024024024024,0.003956876927986741,0.0008073372300714254,2
171,0.503003003003003,0.00237708049826324,0.0,1
172,0.5036036036036036,0.005204075016081333,0.0016258900999505809,5
173,0.5042042042042043,0.0020051010651513934,0.0006947246147319674,2
174,0.5048048048048048,0.003241696977056563,0.00021266669500619173,2
175,0.5054054054054054,0.0031740835402160883,0.0,1
176,0.5060060060060061,,,0
177,0.5066066066066066,0.0023517183144576848,0.0033493388327769935,2
178,0.5072072072072072,0.0008954171983835598,0.003004869539336214,3
179,0.5078078078078079,0.00020299428433645517,0.0,1
180,0.5084084084084084,0.001300206407904625,0.0021693683229386806,2
181,0.509009009009009,0.0039304331177845596,0.0018154180629342592,5
182,0.5096096096096097,0.0039980183355510235,0.0019324379973113537,2
183,0.5102102102102102,0.003367473720572889,0.0011393158929422498,2
184,0.5108108108108108,0.005113570857793093,0.003417863725429592,5
185,0.5114114114114114,0.001381113674142398,0.001742255626595579,2
186,0.512012012012012,0.006959557067602873,0.0,1
187,0.5126126126126127,0.0032649266067892313,0.0,1
188,0.5132132132132132,0.005293506197631359,0.0,1
189,0.5138138138138137,0.005137283878866583,0.004055647586937994,2
190,0.5144144144144145,0.003875616705045104,0.0008289466657302884,3
191,0.515015015015015,0.003897161455824971,0.0,1
192,0.5156156156156156,,,0
193,0.5162162162162163,0.008121431805193424,0.000409112311899662,2
194,0.5168168168168168,0.005592378477255504,0.0014169628952027714,3
195,0.5174174174174174,0.0031757836986798793,0.0021438666730943996,7
196,0.5180180180180181,0.003507921122945845,0.002195748849771917,2
197,0.5186186186186186,0.00549638707889244,0.0034918714990911626,4
198,0.5192192192192193,0.0031274897046387196,0.0,1
199,0.5198198198198198,0.004209551610983908,0.0011845937697216868,2
200,0.5204204204204204,0.003006346058100462,0.00029696268029510975,2
201,0.5210210210210211,0.007247542186329762,0.0012405195670023707,3
202,0.5216216216216216,,,0
203,0.5222222222222223,0.005720005913948019,0.0020383821092717024,3
204,0.5228228228228229,0.006503663491457701,0.0,1
205,0.5234234234234234,0.006386480526998639,0.0028219682751379994,4
206,0.524024024024024,0.0032814404694363475,0.0005781579529866576,2
207,0.5246246246246247,0.0037952458951622248,0.0,1
208,0.5252252252252252,0.005843604604403178,0.002993779432481701,6
209,0.5258258258258258,0.006780102228124936,0.0004821124362499346,3
210,0.5264264264264265,0.008126533962786198,0.0019344723842260707,5
211,0.527027027027027,0.007448827899578545,0.002611003755073725,9
212,0.5276276276276277,0.006416695813337962,0.003471317334365296,3
213,0.5282282282282282,0.0050375997088849545,0.0,1
214,0.5288288288288289,0.008366582139084736,0.00040768002672206044,3
215,0.5294294294294295,0.007812926545739174,0.0005585253238677979,2
216,0.53003003003003,0.008044872200116515,0.00200991821475327,2
217,0.5306306306306307,0.009079901268705726,0.0033166941084240655,6
218,0.5312312312312313,0.004763822129461914,0.0015150528740177924,4
219,0.5318318318318318,0.005186241430540879,0.0030641189463538245,3
220,0.5324324324324324,0.008185132561872402,0.00037068249960467377,3
221,0.5330330330330331,0.008870944939553737,0.004093078537642139,5
222,0.5336336336336336,,,0
223,0.5342342342342343,0.008536797016859055,0.0,1
224,0.5348348348348348,0.007432324545724052,0.00243159015969443,7
225,0.5354354354354355,0.0077060810290277,0.0010792255355017483,3
226,0.5360360360360361,0.011634666472673416,0.0,1
227,0.5366366366366366,0.008632146886416845,0.0022798146730945686,7
228,0.5372372372372373,0.009313115733675659,0.0024925065306807947,4
229,0.5378378378378379,0.010442445985972881,0.0,1
230,0.5384384384384384,0.009767898358404636,0.001171757112996882,3
231,0.539039039039039,0.009754828177392483,0.0007604925347684241,3
232,0.5396396396396397,0.006096823839470744,0.0029286567845868187,3
233,0.5402402402402402,0.01087153423577547,0.0025788503655232546,4
234,0.5408408408408408,0.00930925807915628,0.000944183627798667,4
235,0.5414414414414415,0.010323809770246347,0.0012758888594262556,3
236,0.542042042042042,0.007759526139125228,0.0014141669069697418,4
237,0.5426426426426427,0.010833634374042353,0.002685346834941659,6
238,0.5432432432432432,0.011027090872327486,0.002056976512910945,3
239,0.5438438438438439,0.010939260479062796,0.0020724611590576384,6
240,0.5444444444444445,0.008978144847787917,0.001810005586210257,4
241,0.545045045045045,0.01046199289460977,0.0015776366662822493,6
242,0.5456456456456457,0.010046867653727531,0.0022691795602440834,2
243,0.5462462462462463,0.010279889994611343,0.0014603152378190457,6
244,0.5468468468468468,0.010105210822075605,0.00018521538004279137,2
245,0.5474474474474474,0.010722874314524233,0.00278250023959467,4
246,0.5480480480480481,0.00833375658839941,0.0,1
247,0.5486486486486486,0.008965622982941568,0.0019622974337427687,4
248,0.5492492492492493,0.009468143992125987,0.000883613494185393,5
249,0.5498498498498499,0.009734912542626262,0.002107659575131091,4
250,0.5504504504504505,0.01184053672477603,0.0014345780946314335,2
251,0.5510510510510511,0.007332129753194749,0.00295415650105987,4
252,0.5516516516516516,0.013902938148627678,0.002800747691770969,6
253,0.5522522522522523,0.009866160262996951,0.002944790044786662,6
254,0.5528528528528529,0.012464056257158518,0.002515917437798208,4
255,0.5534534534534534,0.011690150015056133,0.0018438188049482633,3
256,0.5540540540540541,0.011206874313453833,0.002021553946896731,3
257,0.5546546546546547,0.009854841278865933,0.0024894436355680227,2
258,0.5552552552552552,0.012194833345711231,0.0029017980768695543,5
259,0.555855855855856,0.010744073428213596,0.0020718057604057383,5
260,0.5564564564564565,0.0103036193177104,0.0021809817142249576,3
261,0.557057057057057,0.012898748507723212,0.0029545365508380295,4
262,0.5576576576576577,0.012592595536261797,0.0014507216401398182,2
263,0.5582582582582583,0.008591566700488329,0.0010892963085762195,4
264,0.5588588588588589,,,0
265,0.5594594594594595,0.012216283939778805,0.003275741273279463,5
266,0.56006006006006,0.012447551691106387,0.0020432899253174717,7
267,0.5606606606606607,0.013710765168070793,0.0024700466717461765,5
268,0.5612612612612613,0.010917595936916769,0.0024568275079393668,8
269,0.5618618618618618,0.012655387632548809,0.00123691838234663,2
270,0.5624624624624625,0.014746712831159433,0.0011635498318128571,3
271,0.5630630630630631,0.01215238799341023,0.002141669091712711,4
272,0.5636636636636636,0.013582917240758738,0.0024217707308614713,6
273,0.5642642642642643,0.015056315809488297,0.0027740547933112524,7
274,0.5648648648648649,0.015262653585523367,0.002633655909448862,2
275,0.5654654654654655,0.012413562275469303,0.0013336721289770306,5
276,0.5660660660660661,0.015425337012857199,0.0022235517390072346,2
277,0.5666666666666667,0.015378974610939622,0.002167983059996703,4
278,0.5672672672672673,0.012631704332306981,0.0005335298658734139,4
279,0.5678678678678679,0.014665576256811618,0.0038544639116986227,5
280,0.5684684684684684,0.015313475703199705,0.0037898524277144847,6
281,0.5690690690690691,0.01361894269939512,0.0032456404450856772,8
282,0.5696696696696697,0.012236338729659716,0.002195428243923949,3
283,0.5702702702702702,0.014439636974462442,0.002954023748501341,7
284,0.570870870870871,0.012189560104161501,0.0027853851206600666,2
285,0.5714714714714715,0.014426171779632568,0.0022090195009984875,6
286,0.5720720720720721,0.01375451156248649,0.0014338461541170053,6
287,0.5726726726726727,0.014518359210342169,0.0026369330773013747,6
288,0.5732732732732733,0.02131623774766922,0.0,1
289,0.5738738738738739,0.013964320067316294,0.0006243470124900341,2
290,0.5744744744744745,0.015320279635488987,0.003254518032537912,3
291,0.575075075075075,0.01691000652499497,0.0026020088690580775,4
292,0.5756756756756757,0.012440272606909275,0.0,1
293,0.5762762762762763,0.014433225616812706,0.0038687728770209345,3
294,0.5768768768768768,0.016800858080387115,0.0020842621567621535,3
295,0.5774774774774775,0.01419877354055643,0.0023624850437045097,2
296,0.5780780780780781,0.016326967044733465,0.002112493122601849,8
297,0.5786786786786786,0.014212109614163637,0.002295022364705801,2
298,0.5792792792792794,0.016332342103123666,0.002174733686475938,5
299,0.5798798798798799,0.017930329078808427,0.004326213015417444,4
300,0.5804804804804805,0.015534692327491939,0.001917109229372575,8
301,0.5810810810810811,0.017158368602395058,0.002032054135056108,6
302,0.5816816816816817,0.016041620013614494,0.0012576567221856214,3
303,0.5822822822822823,0.01754203513264656,0.0013334102225085616,5
304,0.5828828828828829,0.013478446565568448,0.0033088406664305158,5
305,0.5834834834834834,0.01683738162474973,0.001979035543083075,7
306,0.5840840840840841,0.016751071671023965,0.0025396151300328897,8
307,0.5846846846846847,0.014447404071688652,0.0036099415916638674,5
308,0.5852852852852852,0.018976422026753426,0.002629733959052224,5
309,0.585885885885886,0.01733736538638671,0.0017828500379210115,6
310,0.5864864864864865,0.014568474143743515,0.00112147256731987,2
311,0.5870870870870871,0.016729564173147082,0.0023550724298734144,4
312,0.5876876876876878,0.018408397833506267,0.0013029974949794012,3
313,0.5882882882882883,0.016606575436890127,0.002314381053408546,5
314,0.5888888888888889,0.019032632000744343,0.0031019364297754813,4
315,0.5894894894894895,0.01768142683431506,0.0006668120921176938,4
316,0.5900900900900901,0.01879394194111228,0.0023089171894358712,4
317,0.5906906906906907,0.017305171383278712,0.0027388840011653283,7
318,0.5912912912912913,0.01682714931666851,0.00037954747676849365,2
319,0.5918918918918918,0.018936419593436376,0.002472185558453121,7
320,0.5924924924924926,0.022157752886414528,0.0013303766338373523,3
321,0.5930930930930931,0.018084848698760782,0.003017449440810337,7
322,0.5936936936936937,0.018820323050022125,0.0008582845330238342,2
323,0.5942942942942944,0.020867204293608665,0.00046168751729994877,4
324,0.5948948948948949,0.018496495904400945,0.0022199546615034866,4
325,0.5954954954954955,0.01843545399606228,0.0013272242046910314,6
326,0.5960960960960962,0.016876269318163394,0.0028394988173035137,5
327,0.5966966966966967,0.018429906004005008,0.0035377485558484778,9
328,0.5972972972972973,0.018938447162508965,0.0008273242148022145,5
329,0.5978978978978979,0.017651839926838876,0.0014998384536413895,5
330,0.5984984984984985,0.021414377726614475,0.003918041475117207,2
331,0.5990990990990991,0.020919227174350193,0.0023665816270256822,7
332,0.5996996996996997,0.020770044531673193,0.0026233339237144576,4
333,0.6003003003003002,0.016144578345119953,9.155552834272385e-05,2
334,0.600900900900901,0.02025864296592772,0.0010587796941452642,8
335,0.6015015015015015,0.018200384452939034,0.0,1
336,0.6021021021021021,0.01995918740119253,0.003526138137467456,7
337,0.6027027027027028,0.02054983683462654,0.004082972977192921,7
338,0.6033033033033033,0.02119612693786621,0.0002476850280393378,3
339,0.6039039039039039,0.023616444319486618,0.0021943729370832443,2
340,0.6045045045045045,0.01980711449868977,0.00381501216525566,4
341,0.6051051051051051,0.02011677958071232,0.00265833027281612,5
342,0.6057057057057057,0.019176287204027177,0.001703654204002979,5
343,0.6063063063063063,0.020396028955777485,0.005148629588698251,6
344,0.6069069069069069,0.02254760405048728,0.000498488247792468,4
345,0.6075075075075076,0.024540797496835392,0.001896469900141839,3
346,0.6081081081081081,0.024320434033870696,0.0020579957476698227,5
347,0.6087087087087087,0.021855001027385395,0.0028708609341492794,6
348,0.6093093093093094,0.02394890319555998,0.002719906158745289,2
349,0.6099099099099099,0.021952122449874878,0.002849839176968522,5
350,0.6105105105105105,0.021433848515152933,0.001960076678548949,5
351,0.6111111111111112,0.02408616989850998,0.0022284463984863475,4
352,0.6117117117117117,0.02101937574999673,0.0027055910660534564,7
353,0.6123123123123123,0.024989363870450428,0.003351876879401529,7
354,0.6129129129129129,0.02254193089902401,0.0010127762143323914,5
355,0.6135135135135135,0.02265105303376913,0.003227324615227477,8
356,0.6141141141141142,0.021998832416203287,0.0031792129949917633,9
357,0.6147147147147147,0.022061645984649658,0.0030175353928945806,8
358,0.6153153153153152,0.0243927001953125,0.002943678171423848,5
359,0.615915915915916,0.02830691635608673,0.003850221633911133,2
360,0.6165165165165165,0.024890262633562088,0.004000816213853657,5
361,0.6171171171171171,0.020839814096689224,0.00220723189395883,5
362,0.6177177177177178,0.02320948134486874,0.0022443034393088697,12
363,0.6183183183183183,0.024693064764142035,0.004449818010450337,5
364,0.6189189189189189,0.02270943174759547,0.0012562647152158538,3
365,0.6195195195195196,0.024307799339294434,0.0017782275984261561,5
366,0.6201201201201201,0.02246725426188537,0.001958086920659441,7
367,0.6207207207207207,0.026632284745573997,0.0016844255341798918,4
368,0.6213213213213213,0.031042395159602165,0.0,1
369,0.6219219219219219,0.024898776784539223,0.003973806470724672,10
370,0.6225225225225226,0.023645869456231594,0.002250014886545958,4
371,0.6231231231231231,0.029886376578360796,0.0031455692382642577,4
372,0.6237237237237238,0.025653712218627334,0.002900610560480145,8
373,0.6243243243243244,0.023367145285010337,0.0035819270605909033,5
374,0.6249249249249249,0.02559360758297973,0.003549050322334871,9
375,0.6255255255255255,0.025534826951722305,0.003918673007697938,6
376,0.6261261261261262,0.024979075727363426,0.002008764112090469,6
377,0.6267267267267267,0.025991999730467796,0.0036555700928086366,5
378,0.6273273273273273,0.02518605152991685,0.0033529638889483906,11
379,0.627927927927928,0.02886188682168722,0.0047135229406810525,4
380,0.6285285285285285,0.02312329996909414,0.0020699808865201367,7
381,0.6291291291291292,0.029394837604327637,0.0034209304091971666,11
382,0.6297297297297297,0.025305180677345822,0.005741815084852514,7
383,0.6303303303303304,0.02588666379451752,0.0030883446407009374,10
384,0.630930930930931,0.029234090199073155,0.0025826407713298387,6
385,0.6315315315315315,0.02609269352008899,0.00353288535767637,6
386,0.6321321321321322,0.026107244566082953,0.004079971000702788,5
387,0.6327327327327328,0.027583433581250056,0.0028521067650725297,7
388,0.6333333333333333,0.02988030655043466,0.0013748559256451856,7
389,0.6339339339339339,0.027568614420791466,0.004702165938297602,6
390,0.6345345345345346,0.025096460804343225,0.0026880708088842195,5
391,0.6351351351351351,0.026805516864572252,0.0033339616030974035,7
392,0.6357357357357357,0.028263723477721214,0.004035598872351815,9
393,0.6363363363363364,0.028261540768047173,0.003995948101259297,6
394,0.6369369369369369,0.02709161639213562,0.0033542918989132907,5
395,0.6375375375375376,0.028867132728919387,0.0022925748282615443,8
396,0.6381381381381381,0.028945237398147583,0.003996179788922336,8
397,0.6387387387387388,0.029362095675120752,0.004813285463251512,12
398,0.6393393393393394,0.029649766782919567,0.0025177716978571434,9
399,0.6399399399399399,0.029781101644039153,0.0024830560533641247,10
400,0.6405405405405405,0.030882285286982853,0.001273994400257748,3
401,0.6411411411411412,0.027186713181436062,0.0036455288457058303,8
402,0.6417417417417417,0.03115972193578879,0.0031658836094059137,6
403,0.6423423423423423,0.027401666156947613,0.00404675993651887,4
404,0.642942942942943,0.030443547603984673,0.0030939466661350883,6
405,0.6435435435435435,0.028367706574499607,0.0019734623203657717,10
406,0.6441441441441442,0.030707311092151537,0.003646806061040995,9
407,0.6447447447447447,0.032620173320174216,0.003973828129058596,5
408,0.6453453453453454,0.033240643329918385,0.004302236299960891,4
409,0.645945945945946,0.03378583969814437,0.004758698304690718,7
410,0.6465465465465465,0.03155990814169248,0.0029468213528042932,3
411,0.6471471471471472,0.03216460160911083,0.003809218918257852,8
412,0.6477477477477478,0.031601887506743274,0.0031873357047652443,12
413,0.6483483483483483,0.03253696827838818,0.0032410077527006797,6
414,0.648948948948949,0.031542687118053435,0.005248967241381978,5
415,0.6495495495495496,0.03488269386192163,0.0033211783424752493,6
416,0.6501501501501501,0.031798763386905196,0.00436461145633606,10
417,0.6507507507507507,0.03154194524342364,0.003767903498279631,11
418,0.6513513513513514,0.03450079572697481,0.005070653171307755,6
419,0.651951951951952,0.03289490658789873,0.0025920473219825284,8
420,0.6525525525525526,0.03496147785335779,0.0016528520363929037,4
421,0.6531531531531531,0.03307980811223388,0.002207393312439515,8
422,0.6537537537537538,0.033381980947322316,0.004822655653600976,9
423,0.6543543543543544,0.03319211807101965,0.003609470615289134,10
424,0.6549549549549549,0.03175331590076288,0.0030340332651721596,6
425,0.6555555555555556,0.034844072069972754,0.0030900646087353776,8
426,0.6561561561561562,0.033173479760686554,0.003758005303426104,3
427,0.6567567567567567,0.034911892376840115,0.003418481323126361,4
428,0.6573573573573573,0.03520164048920075,0.002664888142234965,6
429,0.657957957957958,0.035604992881417274,0.003500193999466666,8
430,0.6585585585585586,0.035462137311697006,0.0024815475162385894,7
431,0.6591591591591592,0.03400281274860555,0.00366323443074548,11
432,0.6597597597597598,0.035829068471988045,0.00289739409839563,9
433,0.6603603603603604,0.034318282934171815,0.003715823074065034,7
434,0.660960960960961,0.034957416355609894,0.0021268625446592094,4
435,0.6615615615615615,0.035201589887340866,0.004028680091468735,9
436,0.6621621621621622,0.035061727510765195,0.004981279131462827,8
437,0.6627627627627628,0.03598350028579052,0.003948875520935807,13
438,0.6633633633633633,0.038618045626208186,0.005682775255753752,8
439,0.663963963963964,0.03687548777088523,0.0023637823501259946,8
440,0.6645645645645646,0.03409517533145845,0.0026944967538845613,8
441,0.6651651651651652,0.035048277117311954,0.003212083413833847,8
442,0.6657657657657657,0.0387574203312397,0.0032960218853836,5
443,0.6663663663663664,0.036419522017240524,0.0031586965721343524,10
444,0.666966966966967,0.03822905942797661,0.003769176220008706,9
445,0.6675675675675676,0.04199489738259997,0.0035994038992794783,7
446,0.6681681681681682,0.042562030255794525,0.003429591655731201,2
447,0.6687687687687688,0.0382816843688488,0.004292969598111484,10
448,0.6693693693693694,0.03758034513642391,0.0034652227965211698,12
449,0.6699699699699699,0.03929385021328926,0.0023705650349011204,5
450,0.6705705705705706,0.039916813684006534,0.0034538505360069203,12
451,0.6711711711711712,0.038155846297740936,0.0030719797624161,10
452,0.6717717717717717,0.037979629511634506,0.002846575637804904,12
453,0.6723723723723724,0.038809582591056824,0.002396912427024644,9
454,0.672972972972973,0.04065653681755066,0.0037604557722248767,6
455,0.6735735735735736,0.0391927281660693,0.0032948913049505335,7
456,0.6741741741741742,0.040695941696564354,0.003994317416664957,12
457,0.6747747747747748,0.04025958813726902,0.0035371235359585237,10
458,0.6753753753753754,0.041700767183845695,0.004172787968011362,11
459,0.675975975975976,0.04022307241601603,0.003503931935744726,14
460,0.6765765765765765,0.03848904147744179,0.0042030599050138775,10
461,0.6771771771771772,0.04068457800894976,0.0015069704159608231,4
462,0.6777777777777778,0.04132469205392732,0.004435896223034843,9
463,0.6783783783783783,0.04092917591333389,0.0025956667406907903,5
464,0.678978978978979,0.039555663242936134,0.0023320740909740945,6
465,0.6795795795795796,0.0420689657330513,0.0036102821571520264,10
466,0.6801801801801802,0.04136546514928341,0.005065545609488201,12
467,0.6807807807807807,0.04328975826501846,0.0035042728296666766,10
468,0.6813813813813814,0.03985342349518429,0.003653789935180713,11
469,0.681981981981982,0.041658916510641575,0.003800189441598367,12
470,0.6825825825825826,0.045128485187888145,0.0034823619490192788,8
471,0.6831831831831832,0.044478677890517494,0.004489636542979509,11
472,0.6837837837837838,0.044992355486521356,0.004347278951042088,13
473,0.6843843843843844,0.04252341017127037,0.0038045363306541376,6
474,0.684984984984985,0.04255097901279276,0.00428850328298665,11
475,0.6855855855855856,0.044510480693795464,0.005607144560185525,11
476,0.6861861861861862,0.043968653430541356,0.004500306377343412,15
477,0.6867867867867867,0.04488153220154345,0.00345981020750768,16
478,0.6873873873873874,0.044658329570665956,0.004422943479270582,16
479,0.687987987987988,0.045998370444232765,0.0034131859263648243,11
480,0.6885885885885886,0.04221431124541494,0.002834303085378231,9
481,0.6891891891891893,0.04552990011870861,0.005848744884208081,18
482,0.6897897897897898,0.04567556372947163,0.004739524574092891,18
483,0.6903903903903904,0.04364818041878087,0.002883923130526859,14
484,0.690990990990991,0.04422416372431649,0.005390891076197944,9
485,0.6915915915915916,0.04424058725791318,0.0033021213118292793,14
486,0.6921921921921922,0.04741965952728476,0.0055852493661021855,14
487,0.6927927927927928,0.04514655184287291,0.004721849598834793,13
488,0.6933933933933933,0.04815624770708382,0.0033247589460264778,16
489,0.693993993993994,0.04623154652389613,0.00477507209306017,22
490,0.6945945945945946,0.04652350768446922,0.004812967561947374,9
491,0.6951951951951952,0.0467292315193585,0.002668104217719765,7
492,0.6957957957957959,0.046936601739038124,0.0045059162664576585,11
493,0.6963963963963964,0.047377831406063504,0.0037927507107284406,9
494,0.696996996996997,0.046878097250181085,0.003558379428342538,17
495,0.6975975975975977,0.04753141477704048,0.004936904338591185,12
496,0.6981981981981982,0.04862531206824563,0.004204643360213479,11
497,0.6987987987987988,0.04697391912341118,0.0036380871561831818,10
498,0.6993993993993994,0.05109875193900532,0.003622262359332109,9
499,0.7,0.04830284882336855,0.0042711502341588655,16
500,0.7006006006006006,0.046809000661596656,0.005064440351187304,16
501,0.7012012012012012,0.04868806583377031,0.0060589739260739585,13
502,0.7018018018018019,0.048615697771310806,0.0054144622375999095,14
503,0.7024024024024024,0.050837681318322815,0.005276766928084713,12
504,0.703003003003003,0.049232510228951774,0.0043922603292460664,15
505,0.7036036036036036,0.048925419471093586,0.004246528014623631,14
506,0.7042042042042043,0.048197857358238914,0.0038563074625968144,22
507,0.7048048048048048,0.04977055988274515,0.004250306163467274,16
508,0.7054054054054054,0.05111716709592763,0.0036188110417586248,17
509,0.706006006006006,0.0498576954834991,0.0058501246599366175,9
510,0.7066066066066066,0.05263169876792852,0.004313412803976423,17
511,0.7072072072072072,0.054916768024365105,0.002052411827397956,9
512,0.7078078078078078,0.05174726460661207,0.004720352037641446,14
513,0.7084084084084084,0.051808403929074605,0.004087138182751478,15
514,0.709009009009009,0.0517459936439991,0.005305283585949047,20
515,0.7096096096096096,0.05423973674575488,0.004039518523581022,15
516,0.7102102102102102,0.05170092663981698,0.004968965216546134,11
517,0.7108108108108109,0.051459294743835926,0.00445661918898997,20
518,0.7114114114114114,0.05286729377177027,0.004588441155268789,9
519,0.712012012012012,0.05156445590888753,0.004247696152443369,17
520,0.7126126126126127,0.05372595621479882,0.0031986414587423678,9
521,0.7132132132132132,0.054045450687408444,0.0049800411797141534,15
522,0.7138138138138138,0.0554645588355405,0.004871648829277688,14
523,0.7144144144144144,0.053213934103647866,0.005987436047398381,18
524,0.715015015015015,0.0554229182501634,0.00450304473894634,15
525,0.7156156156156156,0.05269687951487653,0.005239814643516024,17
526,0.7162162162162162,0.055621715692373425,0.0065269661433500215,13
527,0.7168168168168169,0.05561479606798717,0.004093561802671818,14
528,0.7174174174174175,0.05580739874173613,0.004696694771967709,17
529,0.718018018018018,0.05554561290357794,0.0031331168981492846,14
530,0.7186186186186186,0.05553047864564827,0.004862355616729871,14
531,0.7192192192192193,0.05740120758612951,0.00591334029483662,21
532,0.7198198198198198,0.056218899227678774,0.004068250537639337,20
533,0.7204204204204204,0.05716051592638618,0.0044917577629501135,19
534,0.7210210210210211,0.05583685558910171,0.005366655038926905,24
535,0.7216216216216216,0.05593880186123507,0.00466313526792725,14
536,0.7222222222222222,0.05681626672546069,0.005153312386178223,15
537,0.7228228228228228,0.05602856441622689,0.004720334746346871,21
538,0.7234234234234235,0.05667337658815086,0.004540755764295946,16
539,0.724024024024024,0.059856748885729096,0.005243167114550535,22
540,0.7246246246246246,0.05886725662276149,0.005301046214880258,16
541,0.7252252252252253,0.05751531074444453,0.004926322132572642,24
542,0.7258258258258259,0.05813454294746572,0.0050493968294402156,11
543,0.7264264264264264,0.06045959869192706,0.006237465446787556,18
544,0.727027027027027,0.060304472465877945,0.004094874096388919,23
545,0.7276276276276277,0.05967714509059643,0.0056627646439752774,29
546,0.7282282282282282,0.06054845700661341,0.005164652032981471,21
547,0.7288288288288288,0.060480487777998575,0.0048686017209622,19
548,0.7294294294294295,0.06058243811130524,0.00428085378684946,25
549,0.73003003003003,0.06157903813503005,0.005507513625076372,22
550,0.7306306306306306,0.06136537198391226,0.005486311925281382,18
551,0.7312312312312312,0.06149959528730029,0.004088293920534082,21
552,0.7318318318318319,0.06381919234991074,0.005800275446456828,23
553,0.7324324324324325,0.06326776015616599,0.005277542065991166,21
554,0.733033033033033,0.06071791276335716,0.005197538442018268,20
555,0.7336336336336337,0.06102462547520796,0.006388854828116275,24
556,0.7342342342342343,0.06356051626304786,0.004804034518738649,24
557,0.7348348348348348,0.06251913790280621,0.00430283848863641,24
558,0.7354354354354354,0.06521325599816111,0.005441534946211928,18
559,0.7360360360360361,0.06370654094376062,0.0052864381080309445,19
560,0.7366366366366366,0.0662074809273084,0.0035582609663326967,27
561,0.7372372372372372,0.06513521845998435,0.00475615608019118,29
562,0.7378378378378379,0.06477247985700767,0.004442770926849567,30
563,0.7384384384384385,0.06533882589567275,0.003912707574240926,21
564,0.739039039039039,0.06593549366180713,0.0036079717478541135,26
565,0.7396396396396396,0.06722989857748703,0.004970927839618738,27
566,0.7402402402402403,0.06495946335295837,0.004945307421408466,24
567,0.7408408408408409,0.06674195178177046,0.0056300676633443325,23
568,0.7414414414414414,0.06563913044722183,0.005660004719847876,23
569,0.742042042042042,0.06637591449543834,0.005438183721222637,24
570,0.7426426426426427,0.06503766430541873,0.004909955620557413,40
571,0.7432432432432432,0.06785195483826101,0.0052367041020187615,16
572,0.7438438438438438,0.06703102293199506,0.006704358787021073,29
573,0.7444444444444445,0.06793772632425482,0.005019815599786734,33
574,0.745045045045045,0.06871526701641935,0.0056549394323822345,28
575,0.7456456456456456,0.06950488253947228,0.005837511655504389,31
576,0.7462462462462462,0.06905894831288606,0.005274709335722362,32
577,0.7468468468468469,0.0701817670980325,0.004516853245366958,26
578,0.7474474474474475,0.07003298071878297,0.005012457386580875,35
579,0.748048048048048,0.06901071406900883,0.005025757922207499,26
580,0.7486486486486487,0.07155364290589378,0.007278742332992353,21
581,0.7492492492492493,0.07064756020330466,0.004828076894005408,26
582,0.7498498498498498,0.07312800542547784,0.0065089901503186135,29
583,0.7504504504504504,0.07091422365712267,0.003989117531055004,28
584,0.7510510510510511,0.07073483302405006,0.0059831236375638835,38
585,0.7516516516516516,0.07089969329535961,0.004132266030395555,24
586,0.7522522522522522,0.07046134926770863,0.00556233290224123,38
587,0.7528528528528529,0.07443932940562566,0.005458947608899201,18
588,0.7534534534534535,0.07393558043986559,0.005735875249727978,32
589,0.7540540540540541,0.07237026305534901,0.004753401660705304,39
590,0.7546546546546546,0.0738527536392212,0.006877210664963831,35
591,0.7552552552552553,0.07420562930843409,0.006006120828788083,34
592,0.7558558558558559,0.07327247876673937,0.005245560109303117,36
593,0.7564564564564564,0.0740877070870155,0.0059912963919793805,39
594,0.7570570570570571,0.07382397105296452,0.005896797423559031,27
595,0.7576576576576577,0.07587934920892996,0.005623177534916534,34
596,0.7582582582582582,0.07698195924361546,0.006036072964185661,36
597,0.7588588588588588,0.07279570422002248,0.005558764968236583,35
598,0.7594594594594595,0.07682366436347365,0.005004952341456702,32
599,0.7600600600600601,0.07670321972931132,0.005137351585990604,51
600,0.7606606606606606,0.07750089166928893,0.005904840705225717,46
601,0.7612612612612613,0.07914251405181306,0.00505553951115704,33
602,0.7618618618618619,0.07772782088621803,0.006155738070043127,46
603,0.7624624624624625,0.0781995678320527,0.005607585923862036,40
604,0.763063063063063,0.07798032575484479,0.005502515069153245,33
605,0.7636636636636637,0.07863533853863676,0.0056372724286861044,48
606,0.7642642642642643,0.07981542170774646,0.005536674062129135,41
607,0.7648648648648648,0.0789246472663113,0.005144291611337369,56
608,0.7654654654654655,0.0795957984965901,0.005826417252454077,43
609,0.7660660660660661,0.0789947271347046,0.005425347601761871,50
610,0.7666666666666666,0.07981641521287519,0.007447020455835378,43
611,0.7672672672672672,0.07972943653231082,0.006027233568292853,46
612,0.7678678678678679,0.08208004254847764,0.00563882420725411,40
613,0.7684684684684685,0.08035673443228006,0.006167565091654995,40
614,0.7690690690690691,0.08081713815530141,0.005274778243160507,42
615,0.7696696696696697,0.08230683005725344,0.005503526797584082,48
616,0.7702702702702703,0.08114087235714708,0.006575740280738221,42
617,0.7708708708708709,0.08226595439931803,0.006307476886962553,57
618,0.7714714714714714,0.08248037146404386,0.0062935699349743355,48
619,0.7720720720720721,0.08412718582660594,0.005871422314223536,47
620,0.7726726726726727,0.08355604679040286,0.007613773449633728,46
621,0.7732732732732732,0.08375315818021882,0.006126062390796315,53
622,0.7738738738738739,0.08260632798075676,0.006047282280576312,50
623,0.7744744744744745,0.0849837877278058,0.0059985530573575824,53
624,0.7750750750750751,0.08571117457288963,0.00669028210743605,52
625,0.7756756756756757,0.08634240541494254,0.006736266900393498,66
626,0.7762762762762763,0.08591467844990064,0.007058190036372481,53
627,0.7768768768768769,0.08553677162638416,0.006735777136063506,54
628,0.7774774774774775,0.08715026626097304,0.005037272120870855,56
629,0.778078078078078,0.0880621927526762,0.006687100400427982,53
630,0.7786786786786787,0.08646169266963409,0.006132887243856319,59
631,0.7792792792792793,0.08652639113939725,0.0052033289209397005,65
632,0.7798798798798798,0.08823297332440104,0.006257442757367371,56
633,0.7804804804804805,0.0884478820995851,0.005433745854529636,55
634,0.7810810810810811,0.08761807006429619,0.006062426439707049,71
635,0.7816816816816817,0.09032375551760197,0.007189811519264298,60
636,0.7822822822822822,0.08922725926706757,0.005651845102572632,69
637,0.7828828828828829,0.08953966869383442,0.005472935894537501,49
638,0.7834834834834835,0.09084071401092741,0.008196362134246593,45
639,0.7840840840840841,0.09163209348917008,0.006064749062850097,60
640,0.7846846846846847,0.09079694783976001,0.0061459362140895485,62
641,0.7852852852852853,0.09202633391727101,0.00658598080770258,55
642,0.7858858858858859,0.09170714449701887,0.006979197217971126,66
643,0.7864864864864864,0.09155436142070873,0.006705277718360987,74
644,0.7870870870870871,0.09243522430696184,0.0063623622592832215,63
645,0.7876876876876877,0.09254547253702626,0.0064848049910372196,66
646,0.7882882882882882,0.09306051113432454,0.0067836062819462755,62
647,0.7888888888888889,0.09523988142609596,0.0061176806414830745,72
648,0.7894894894894895,0.09423529629556227,0.007073670502417425,71
649,0.7900900900900901,0.0948465397581458,0.00732403975323172,80
650,0.7906906906906908,0.09570350145038806,0.006694397920434147,76
651,0.7912912912912913,0.09709683131124522,0.005569757147538776,74
652,0.7918918918918919,0.09561435650970976,0.0070353909994327725,59
653,0.7924924924924925,0.097758189105151,0.00754104781305077,57
654,0.7930930930930931,0.0985703849233687,0.006869043100884778,80
655,0.7936936936936937,0.09832809771271958,0.007466069799307914,87
656,0.7942942942942943,0.098920413741359,0.007508591906924317,81
657,0.7948948948948948,0.09901526096192273,0.007569429944897869,77
658,0.7954954954954955,0.09987766949868784,0.006487219878647098,82
659,0.7960960960960961,0.09891288144042693,0.006634359767264713,83
660,0.7966966966966967,0.10047262556412641,0.00610910253567979,85
661,0.7972972972972974,0.10174201468947114,0.007483246665444474,93
662,0.7978978978978979,0.09981865742627312,0.006572792325943808,85
663,0.7984984984984985,0.10103569516823405,0.006712581923401676,84
664,0.7990990990990992,0.10295937698157061,0.006823547600283941,84
665,0.7996996996996997,0.101949769670942,0.006922552288313038,112
666,0.8003003003003003,0.10329786731916316,0.006561097215967574,102
667,0.8009009009009009,0.103062065748068,0.006445029398841202,91
668,0.8015015015015015,0.10283249273896217,0.0063940426816884366,100
669,0.8021021021021021,0.10394934192299843,0.007344598170165594,108
670,0.8027027027027027,0.10601510003555653,0.007148767164371319,86
671,0.8033033033033032,0.10504950865827224,0.007499522149317927,108
672,0.8039039039039039,0.10540513280365202,0.006867632643894616,117
673,0.8045045045045045,0.10525084326558924,0.006804390305114614,94
674,0.8051051051051051,0.10690918872389224,0.007306580371730333,109
675,0.8057057057057058,0.10751233126865614,0.007333457238377633,109
676,0.8063063063063063,0.10699396960015567,0.00666053182740602,106
677,0.8069069069069069,0.10844216138124466,0.007259232404761364,100
678,0.8075075075075075,0.10975993233444416,0.0073540206692580615,113
679,0.8081081081081081,0.11008947597195705,0.00768094199585138,120
680,0.8087087087087087,0.11104131848463472,0.007348877704401999,106
681,0.8093093093093093,0.10917359133477972,0.007612260988860472,119
682,0.8099099099099099,0.11083073162732004,0.006996797941020164,119
683,0.8105105105105105,0.11147536581554332,0.00680799365837178,119
684,0.8111111111111111,0.11092346681093951,0.007802197373527841,109
685,0.8117117117117117,0.11201622504596562,0.006812248735223779,129
686,0.8123123123123124,0.11381096794964775,0.006859070941701875,126
687,0.8129129129129129,0.11193176749451407,0.006820807636371023,145
688,0.8135135135135135,0.1141190260213657,0.0076409323278085264,137
689,0.8141141141141142,0.11424053204245865,0.0077278640700240465,128
690,0.8147147147147147,0.11394533331195514,0.007359894790945532,150
691,0.8153153153153153,0.11646433560349417,0.007615242396440175,141
692,0.815915915915916,0.11526295632883242,0.008115058073210904,157
693,0.8165165165165165,0.11551339032293177,0.007474944269073294,147
694,0.8171171171171171,0.11771644519787308,0.0081851450025694,141
695,0.8177177177177177,0.11702001927227809,0.00802636077777733,145
696,0.8183183183183184,0.11731905784503913,0.007743157954279986,162
697,0.8189189189189189,0.11853452137222996,0.007455255875737495,162
698,0.8195195195195195,0.12056623917558919,0.006941860405197969,184
699,0.8201201201201201,0.11917366743797347,0.007819544024399529,168
700,0.8207207207207208,0.12131936668322005,0.007245798354223244,145
701,0.8213213213213213,0.11986950184218585,0.008009460342312922,160
702,0.8219219219219219,0.12132570838653728,0.007726981373241175,152
703,0.8225225225225226,0.12326005563328538,0.007325499818831859,158
704,0.8231231231231231,0.12254466241405856,0.00792129840361569,155
705,0.8237237237237237,0.12375467479685132,0.007602941816170269,196
706,0.8243243243243243,0.12349433436038647,0.0074288407736301165,188
707,0.8249249249249249,0.12467822348330654,0.007879890830788971,177
708,0.8255255255255255,0.12423720983614833,0.007562321166083888,161
709,0.8261261261261261,0.12513838866443344,0.008265687177317186,165
710,0.8267267267267268,0.12592602728363028,0.008694644273937836,187
711,0.8273273273273274,0.1269137855619192,0.008290005621856644,200
712,0.8279279279279279,0.12809932188768136,0.008099844364231085,190
713,0.8285285285285285,0.12730684501920791,0.0075432705933471435,187
714,0.8291291291291292,0.12884532849236233,0.008095913528884195,205
715,0.8297297297297297,0.1301702297341202,0.008040830435262611,211
716,0.8303303303303303,0.12942372318257622,0.00805371318163517,187
717,0.830930930930931,0.13027493023843156,0.00875377509512514,204
718,0.8315315315315315,0.13188267412824908,0.008636683856964669,207
719,0.8321321321321321,0.13166290942322592,0.00885732492631866,232
720,0.8327327327327327,0.13210360744694397,0.008584569514578583,211
721,0.8333333333333334,0.13231573070253805,0.008093412625892584,211
722,0.833933933933934,0.133618736686419,0.008880228918391918,199
723,0.8345345345345345,0.13476569994807788,0.008560792178878516,219
724,0.8351351351351352,0.13467612077436106,0.007853952163557366,223
725,0.8357357357357358,0.13515597074770655,0.008649920244500195,263
726,0.8363363363363363,0.13647785948382485,0.008570195832124986,243
727,0.8369369369369369,0.13684381410408925,0.008555657898847224,211
728,0.8375375375375376,0.1364943819010959,0.008548589272516128,221
729,0.8381381381381381,0.13855097240291983,0.008806047005395707,217
730,0.8387387387387387,0.13945511410633724,0.008848834985550707,225
731,0.8393393393393394,0.13963332436978818,0.008361241680494734,240
732,0.83993993993994,0.14071629531989413,0.00890574361253463,242
733,0.8405405405405405,0.14102504099324598,0.008779370963656693,236
734,0.8411411411411411,0.14233013877891146,0.008457919058544847,265
735,0.8417417417417418,0.14200828047726938,0.008506444895183388,253
736,0.8423423423423424,0.14395764238443695,0.009368372587336443,238
737,0.8429429429429429,0.1434384091890284,0.008925084185453182,280
738,0.8435435435435436,0.1438099365608365,0.008760473665998912,255
739,0.8441441441441442,0.1456613702699542,0.008287884592920503,280
740,0.8447447447447447,0.14613832551531675,0.008975678408324392,246
741,0.8453453453453453,0.14593817115542423,0.00920051049474091,251
742,0.845945945945946,0.14845339021176324,0.009105939087957106,266
743,0.8465465465465465,0.14821886913174165,0.008693312851588478,289
744,0.8471471471471471,0.14910054844662998,0.008926377315494009,264
745,0.8477477477477477,0.1493302710354328,0.009043493795343492,320
746,0.8483483483483484,0.15044719274614898,0.009657684147790486,284
747,0.848948948948949,0.1504036974804155,0.009382580097418726,290
748,0.8495495495495495,0.15157324629245508,0.009650967529753472,284
749,0.8501501501501502,0.15148075010257822,0.009112345648039543,262
750,0.8507507507507508,0.15259211229747288,0.009515068140993049,292
751,0.8513513513513513,0.15400075907134667,0.009957932039070097,279
752,0.851951951951952,0.15565462591392654,0.009121979676522077,280
753,0.8525525525525526,0.15554816679845393,0.008424654792316591,284
754,0.8531531531531531,0.15742816257631123,0.00941656947274538,309
755,0.8537537537537537,0.1570855558996922,0.009313366547257953,304
756,0.8543543543543544,0.1580228847162477,0.009271807179847942,290
757,0.854954954954955,0.159698471330203,0.009250821915665734,308
758,0.8555555555555556,0.15959570650628072,0.009558422096335952,302
759,0.8561561561561561,0.16035441149745072,0.009732683630143719,285
760,0.8567567567567568,0.16180906824435398,0.010024074144203348,314
761,0.8573573573573574,0.16317704352550208,0.009332527713923055,320
762,0.8579579579579579,0.16332430621950683,0.009792723917424372,289
763,0.8585585585585586,0.16374080771939797,0.00929334161379682,342
764,0.8591591591591592,0.16332997391300816,0.009509959345819916,310
765,0.8597597597597597,0.16447206786492977,0.009758801030661518,328
766,0.8603603603603603,0.16593207662401635,0.009856956919144986,306
767,0.860960960960961,0.1659413509261914,0.009975647706433747,312
768,0.8615615615615615,0.16809882422288258,0.009376294203236775,330
769,0.8621621621621621,0.16978186336548431,0.009742452924783304,368
770,0.8627627627627628,0.17040366714464086,0.01034086030070621,319
771,0.8633633633633634,0.16989845748341412,0.010450504768957179,327
772,0.863963963963964,0.17163281041217662,0.010345194746119928,323
773,0.8645645645645645,0.17269343857107491,0.010042499630820278,319
774,0.8651651651651652,0.17280359132983053,0.010332498096974622,313
775,0.8657657657657658,0.174867954025025,0.010110958110475722,372
776,0.8663663663663663,0.17427905526181514,0.0099041666948608,352
777,0.866966966966967,0.17774673981906533,0.01036632385806964,308
778,0.8675675675675676,0.17719164985981917,0.00954545239652663,349
779,0.8681681681681681,0.17848551501862156,0.011124257122192612,313
780,0.8687687687687687,0.178676011966683,0.010295749270863429,342
781,0.8693693693693694,0.18095164170522177,0.010905323346511156,334
782,0.86996996996997,0.1805669694519892,0.010698283333216018,337
783,0.8705705705705706,0.182309704377101,0.010722705161574017,325
784,0.8711711711711712,0.1826339021088585,0.010304588049740132,315
785,0.8717717717717718,0.18320501916259102,0.010044415619303422,351
786,0.8723723723723724,0.18502057694840704,0.010256923143928134,348
787,0.8729729729729729,0.18560177752350837,0.010128315579598418,361
788,0.8735735735735736,0.18663734294320278,0.010764382562308935,339
789,0.8741741741741742,0.18795181625131246,0.010605506161499358,345
790,0.8747747747747747,0.18853850897540336,0.01041650000028051,349
791,0.8753753753753754,0.19030274534729166,0.010730361678845245,355
792,0.875975975975976,0.19181411164494516,0.010589469900718485,319
793,0.8765765765765766,0.1911742140702041,0.011216754781642213,337
794,0.8771771771771771,0.19256504715042586,0.011696484680406544,323
795,0.8777777777777778,0.1934742017210215,0.011062430777907603,348
796,0.8783783783783784,0.19490157918653625,0.01050454007608216,345
797,0.878978978978979,0.1963415083271512,0.011341043823701043,338
798,0.8795795795795796,0.19660331994558858,0.011530438024604614,339
799,0.8801801801801802,0.1975927524676584,0.010919666013730048,347
800,0.8807807807807808,0.19893233249471945,0.011226373068017591,352
801,0.8813813813813813,0.19980331462545273,0.011728235298113947,312
802,0.881981981981982,0.20212701187435403,0.01241143292407429,332
803,0.8825825825825826,0.20172889513628822,0.01141408081759631,350
804,0.8831831831831831,0.20408804648156678,0.010650048989793522,336
805,0.8837837837837837,0.2048245837258828,0.011912558023871148,308
806,0.8843843843843844,0.20535383935386556,0.011843917058568023,301
807,0.884984984984985,0.20710891313472038,0.012721184782998664,295
808,0.8855855855855856,0.20908404106661777,0.012519825864422929,298
809,0.8861861861861862,0.2096910575741,0.012025938656093752,349
810,0.8867867867867868,0.2100277097828417,0.012013685192966613,332
811,0.8873873873873874,0.21220808497230087,0.012218291154178114,319
812,0.887987987987988,0.2138609213650751,0.011591432564708931,341
813,0.8885885885885886,0.2157606862461452,0.012079147407516255,311
814,0.8891891891891892,0.215228846003128,0.012010249299730314,349
815,0.8897897897897897,0.217105207542261,0.012088912067399687,313
816,0.8903903903903904,0.21820644675675085,0.01296757216150507,295
817,0.890990990990991,0.2197751391321513,0.012459714914667469,323
818,0.8915915915915916,0.22136662319164158,0.012724932577459063,323
819,0.8921921921921923,0.22232602269103283,0.012421347915899949,323
820,0.8927927927927928,0.224141591881541,0.01144556422625154,348
821,0.8933933933933934,0.2238785550880009,0.013180703575424628,338
822,0.893993993993994,0.2264409913284004,0.013431401415534625,314
823,0.8945945945945946,0.22610439685346248,0.012094674208963003,307
824,0.8951951951951952,0.22792663820177675,0.012781461331618501,332
825,0.8957957957957958,0.22984992151698433,0.011731549019441206,332
826,0.8963963963963963,0.23159963560995656,0.013081980184350164,321
827,0.896996996996997,0.2331730023074074,0.01153229013504366,313
828,0.8975975975975976,0.23342429608008256,0.012137284456162587,303
829,0.8981981981981982,0.23584051357889638,0.012564158770294556,309
830,0.8987987987987988,0.23662198213860391,0.01366623842044829,320
831,0.8993993993993994,0.23645707776824249,0.01271539916798927,309
832,0.9,0.23909342034842618,0.012790906195136934,387
833,0.9006006006006007,0.24041543884081476,0.012551897046752516,353
834,0.9012012012012012,0.24113430791452575,0.013497754997503556,307
835,0.9018018018018018,0.24502747164110933,0.012907539039460488,303
836,0.9024024024024024,0.24461897047666403,0.01288138792875579,325
837,0.903003003003003,0.2476085661487146,0.013040049420604745,308
838,0.9036036036036036,0.248828909427021,0.013327680580887494,319
839,0.9042042042042042,0.25018315985798834,0.0128526708778861,320
840,0.9048048048048047,0.2510728316790447,0.013894488288518823,328
841,0.9054054054054055,0.2524655837737597,0.013348891594945761,325
842,0.906006006006006,0.2548343384401806,0.01332323913469168,307
843,0.9066066066066065,0.2574492840236322,0.012914018015311154,346
844,0.9072072072072073,0.2573605619965155,0.013262294082598724,326
845,0.9078078078078078,0.2597389828777474,0.013272237565738719,297
846,0.9084084084084084,0.2618838795734679,0.014839816084404399,272
847,0.909009009009009,0.2628993161655719,0.014563157834378492,306
848,0.9096096096096096,0.2643814207621793,0.013566253717644697,358
849,0.9102102102102102,0.266887429081174,0.013654720504348648,303
850,0.9108108108108108,0.26770282722450234,0.01466424431662565,333
851,0.9114114114114114,0.26974355741240347,0.014111502817011089,313
852,0.9120120120120121,0.27109226106125633,0.01464495493410419,324
853,0.9126126126126126,0.27395952870655393,0.013973332561644493,288
854,0.9132132132132131,0.2751616886619366,0.01389932284039797,330
855,0.9138138138138139,0.27723948223064643,0.014507254978166996,367
856,0.9144144144144144,0.27976451465893076,0.014021618115117863,338
857,0.9150150150150149,0.28024999276986196,0.014111708095365718,315
858,0.9156156156156157,0.28270835488851814,0.014558628758126949,326
859,0.9162162162162162,0.2841381873334608,0.016574182304992417,310
860,0.9168168168168168,0.28536452481952995,0.014033370727409896,312
861,0.9174174174174174,0.28768004230316113,0.01486097405082677,302
862,0.918018018018018,0.28927634889411613,0.015026567572086204,307
863,0.9186186186186187,0.2906310789960196,0.014794860046021853,321
864,0.9192192192192192,0.2923197149307735,0.014955949317728938,323
865,0.9198198198198198,0.2967511452065257,0.014841517438166588,334
866,0.9204204204204205,0.297294713224575,0.015210993131382168,314
867,0.921021021021021,0.2997775439148635,0.015915994057476165,306
868,0.9216216216216215,0.30350380609492345,0.01506299397068638,334
869,0.9222222222222223,0.3026310612941966,0.01559481301295271,324
870,0.9228228228228228,0.30520887429418125,0.01527502760117101,306
871,0.9234234234234234,0.30786743874059,0.01564124381121072,340
872,0.9240240240240241,0.3098151603237141,0.014877760208999958,344
873,0.9246246246246246,0.3112590650838197,0.015160056143818889,329
874,0.9252252252252252,0.31427643171520936,0.015005155160739385,299
875,0.9258258258258258,0.31633752405045423,0.01637420739379103,299
876,0.9264264264264264,0.3187705550591151,0.015626613395250462,300
877,0.9270270270270271,0.3198488396311563,0.01567118303055034,315
878,0.9276276276276276,0.3229483136246281,0.0161936952121852,310
879,0.9282282282282281,0.32546801967725936,0.016475852074725673,363
880,0.9288288288288289,0.32501325020684474,0.016770043182997872,316
881,0.9294294294294294,0.3302169484139859,0.016366936940139805,348
882,0.93003003003003,0.3323098494659496,0.01607708715819102,316
883,0.9306306306306307,0.3349999710430507,0.016151780525393816,306
884,0.9312312312312312,0.337050659401361,0.01581224221021605,299
885,0.9318318318318318,0.33943412094692915,0.01630841717880994,339
886,0.9324324324324325,0.3412697204013369,0.01823755872881869,335
887,0.933033033033033,0.34585157991612997,0.015421814954600236,309
888,0.9336336336336337,0.34676137166885174,0.015903388889615698,343
889,0.9342342342342342,0.3494729520779865,0.01823179885581228,347
890,0.9348348348348348,0.35223071077531,0.01695143452177103,321
891,0.9354354354354355,0.3534039753904033,0.01738211889863029,339
892,0.936036036036036,0.3563817112303492,0.016323054587699365,335
893,0.9366366366366365,0.3603980746671293,0.017650529735408663,338
894,0.9372372372372373,0.36098857432195586,0.018108861570073055,365
895,0.9378378378378378,0.3680384568421237,0.01762072246155615,332
896,0.9384384384384384,0.3680953528295016,0.018493197087243552,358
897,0.9390390390390391,0.3716765466388365,0.01740069733288644,373
898,0.9396396396396396,0.3736261490005008,0.017134206902121474,338
899,0.9402402402402403,0.3769554684036656,0.01876863120816567,323
900,0.9408408408408409,0.3804474710775514,0.017509034463878356,371
901,0.9414414414414414,0.38242190540200327,0.01723795360417675,328
902,0.9420420420420421,0.38722190315214294,0.018128500675654826,384
903,0.9426426426426426,0.3898621923090052,0.019547787893500576,349
904,0.9432432432432432,0.3913917046526204,0.01958676153449408,345
905,0.9438438438438439,0.39325353696312704,0.017663384782813506,355
906,0.9444444444444444,0.39738257221402007,0.017961913050535436,376
907,0.945045045045045,0.4017988881845584,0.018013585922404353,348
908,0.9456456456456457,0.40471466540956363,0.018637871429562296,357
909,0.9462462462462462,0.40683194723996247,0.01930325969225482,363
910,0.9468468468468468,0.4096844260859641,0.019662177881748684,314
911,0.9474474474474475,0.41416771636634575,0.019487555716687546,366
912,0.948048048048048,0.4179229080837692,0.018412978081923784,371
913,0.9486486486486487,0.42104105329827257,0.019775019314086206,380
914,0.9492492492492492,0.423313839257066,0.020769969647497593,394
915,0.9498498498498498,0.4262752260953661,0.019587040235558732,378
916,0.9504504504504505,0.43117411555470647,0.01925794983756111,370
917,0.951051051051051,0.4333447126084811,0.02065273227260148,438
918,0.9516516516516517,0.4378341684341431,0.01962847011053124,375
919,0.9522522522522523,0.44101342231191265,0.019429671821620007,382
920,0.9528528528528528,0.4453473594171781,0.020044743910587092,423
921,0.9534534534534534,0.44956396124030973,0.02023259861561503,395
922,0.9540540540540541,0.45356922056767845,0.01933040254497751,385
923,0.9546546546546546,0.45608074955451183,0.01976030022291594,390
924,0.9552552552552553,0.4618041981011629,0.020045999143396696,400
925,0.9558558558558559,0.4636372263942446,0.020524063789204936,420
926,0.9564564564564564,0.46610958858942375,0.0203381659051556,390
927,0.9570570570570571,0.4706163123456015,0.020535233719528572,434
928,0.9576576576576576,0.47473981556302813,0.020042204074574837,461
929,0.9582582582582582,0.480463019280778,0.019640672658272417,457
930,0.9588588588588589,0.484402016369431,0.020503356182069606,449
931,0.9594594594594594,0.48899405953731945,0.0202557845340741,470
932,0.9600600600600601,0.49214994768224335,0.021771357144020446,514
933,0.9606606606606607,0.49777192998699976,0.021461686488479046,497
934,0.9612612612612612,0.5016433926885258,0.020817538803877718,499
935,0.9618618618618618,0.5064295811560547,0.021483214648920012,515
936,0.9624624624624625,0.5105285875138089,0.021039594853520978,557
937,0.963063063063063,0.5146423614400578,0.0205821846834291,635
938,0.9636636636636637,0.5194386323647839,0.021018802454289536,616
939,0.9642642642642643,0.5230016733584447,0.021464773357627295,662
940,0.9648648648648648,0.5290606104152303,0.02043170549899248,710
941,0.9654654654654655,0.5359798256957203,0.021643971654901097,872
942,0.966066066066066,0.5390289293724311,0.020692625983423935,1006
943,0.9666666666666667,0.5431868514471775,0.020301532265695883,1177
944,0.9672672672672673,0.5460797699255793,0.020163355257549184,1299
945,0.9678678678678678,0.5491258768320747,0.01899883021664533,1438
946,0.9684684684684685,0.5482212541247921,0.018823640486785483,1171
947,0.9690690690690691,0.5510806216340121,0.018890020006985305,771
948,0.9696696696696696,0.5507173853720857,0.017780940858411982,426
949,0.9702702702702704,0.547680516753878,0.019284146039153335,210
950,0.9708708708708709,0.5513853020482249,0.018559524652402102,77
951,0.9714714714714714,0.5543322888287631,0.016661315430295833,11
952,0.9720720720720721,0.5523750901222229,0.003883045929936569,5
953,0.9726726726726727,,,0
954,0.9732732732732732,,,0
955,0.9738738738738739,,,0
956,0.9744744744744744,,,0
957,0.9750750750750751,,,0
958,0.9756756756756757,,,0
959,0.9762762762762762,,,0
960,0.976876876876877,,,0
961,0.9774774774774775,,,0
962,0.978078078078078,,,0
963,0.9786786786786787,,,0
964,0.9792792792792793,,,0
965,0.9798798798798798,,,0
966,0.9804804804804805,,,0
967,0.981081081081081,,,0
968,0.9816816816816817,,,0
969,0.9822822822822823,,,0
970,0.9828828828828828,,,0
971,0.9834834834834835,,,0
972,0.9840840840840841,,,0
973,0.9846846846846846,,,0
974,0.9852852852852854,,,0
975,0.9858858858858859,,,0
976,0.9864864864864864,,,0
977,0.9870870870870871,,,0
978,0.9876876876876877,,,0
979,0.9882882882882883,,,0
980,0.9888888888888889,,,0
981,0.9894894894894894,,,0
982,0.9900900900900901,,,0
983,0.9906906906906907,,,0
984,0.9912912912912912,,,0
985,0.991891891891892,,,0
986,0.9924924924924925,,,0
987,0.993093093093093,,,0
988,0.9936936936936938,,,0
989,0.9942942942942943,,,0
990,0.9948948948948948,,,0
991,0.9954954954954955,,,0
992,0.9960960960960961,,,0
993,0.9966966966966967,,,0
994,0.9972972972972973,,,0
995,0.9978978978978978,,,0
996,0.9984984984984986,,,0
997,0.9990990990990991,,,0
998,0.9996996996996996,,,0
